Designator,Mid X,Mid Y,Layer,Rotation
LS1,125.351019,-64.487553,top,35.000000
LS2,122.290068,-66.808577,top,40.000000
LS3,119.412133,-69.368629,top,45.000000
LS4,116.887279,-72.245554,top,50.000000
VR1,129.110104,-62.208525,top,30.000000